app,docId,dateTime,op,targetType,id,vr,worksheet,axis0,item0,axis1,item1,dateTimeMS
https://topic-writer.appspot.com/,3b02fd33-a27c-11ea-8d88-a70856ba4349,2020-05-30T14:04:33,cc_textOut,,other,0.7,https://docs.google.com/spreadsheets/d/1bOWAf7kGwbgbFsWPaB4okVg8l2lD12s_gtEZTFVC3sU/edit,,,,,2020-05-30T14:04:33.038Z
https://topic-writer.appspot.com/,fb7c00a8-9f1a-11ea-8e4c-9f8888cb5acb,2020-05-30T06:58:51,cc_textOut,,other,0.7,https://docs.google.com/spreadsheets/d/1bOWAf7kGwbgbFsWPaB4okVg8l2lD12s_gtEZTFVC3sU/edit,,,,,2020-05-30T06:58:51.813Z
https://topic-writer.appspot.com/,5112a654-a277-11ea-9736-a70856ba4349,2020-05-30T14:21:25,cc_textOut,,other,0.7,https://docs.google.com/spreadsheets/d/1bOWAf7kGwbgbFsWPaB4okVg8l2lD12s_gtEZTFVC3sU/edit,,,,,2020-05-30T14:21:25.488Z
https://topic-writer.appspot.com/,007c3e3a-a0c2-11ea-8f7b-03e98b01064a,2020-05-29T08:44:17,cc_textOut,,other,0.7,https://docs.google.com/spreadsheets/d/1bOWAf7kGwbgbFsWPaB4okVg8l2lD12s_gtEZTFVC3sU/edit,,,,,2020-05-29T08:44:17.748Z
https://topic-writer.appspot.com/,49195de3-a0f6-11ea-acc2-634593aa72d2,2020-05-28T15:41:30,cc_textOut,,other,0.7,https://docs.google.com/spreadsheets/d/1bOWAf7kGwbgbFsWPaB4okVg8l2lD12s_gtEZTFVC3sU/edit,,,,,2020-05-28T15:41:30.771Z
https://topic-writer.appspot.com/,6275a00a-a26e-11ea-8dbd-a70856ba4349,2020-05-30T12:28:43,cc_textOut,,other,0.7,https://docs.google.com/spreadsheets/d/1bOWAf7kGwbgbFsWPaB4okVg8l2lD12s_gtEZTFVC3sU/edit,,,,,2020-05-30T12:28:43.792Z
https://topic-writer.appspot.com/,2c71423d-a217-11ea-b314-a16cf1d4f530,2020-05-30T08:43:50,cc_textOut,,other,0.7,https://docs.google.com/spreadsheets/d/1bOWAf7kGwbgbFsWPaB4okVg8l2lD12s_gtEZTFVC3sU/edit,,,,,2020-05-30T08:43:50.904Z
https://topic-writer.appspot.com/,ecc5f763-a267-11ea-bc07-a70856ba4349,2020-05-30T12:41:59,cc_textOut,,other,0.7,https://docs.google.com/spreadsheets/d/1bOWAf7kGwbgbFsWPaB4okVg8l2lD12s_gtEZTFVC3sU/edit,,,,,2020-05-30T12:41:59.283Z
https://topic-writer.appspot.com/,76bf0728-a257-11ea-81b6-41c6061153e8,2020-05-30T10:06:08,cc_textOut,,other,0.7,https://docs.google.com/spreadsheets/d/1bOWAf7kGwbgbFsWPaB4okVg8l2lD12s_gtEZTFVC3sU/edit,,,,,2020-05-30T10:06:08.881Z
https://topic-writer.appspot.com/,08b55b26-a282-11ea-b2cb-41c6061153e8,2020-05-30T14:47:38,cc_textOut,,other,0.7,https://docs.google.com/spreadsheets/d/1bOWAf7kGwbgbFsWPaB4okVg8l2lD12s_gtEZTFVC3sU/edit,,,,,2020-05-30T14:47:38.027Z